SELECT * FROM tacaua."group";


INSERT INTO tacaua.modality (year, type, frame, sport, image) 
VALUES
(2022, 'COLECTIVE', 'MIXED', 'HANDBALL', NULL),
(2022, 'COLECTIVE', 'FEMININE', 'BASKETBALL', NULL),
(2022, 'COLECTIVE', 'MASCULINE', 'BASKETBALL', NULL),
(2022, 'COLLECTIVE', 'MASCULINE', 'FOOTBALL', NULL),
(2022, 'COLECTIVE', 'FEMININE', 'FUTSAL', NULL),
(2022, 'COLECTIVE', 'MASCULINE', 'FUTSAL', NULL),
(2022, 'COLECTIVE', 'FEMININE', 'VOLEYBALL', NULL),
(2022, 'COLECTIVE', 'MASCULINE', 'VOLEYBALL', NULL);


INSERT INTO tacaua.course (name, short, color, image)
VALUES
('Fisioterapia', 'NAE-ESSUA-FT', NULL, NULL),
('Eng. Mecânica', 'NEEMec', NULL, NULL), 
('Biotecnologia', 'NEQ-BT', NULL, NULL), 
('Economia', 'NEEC', NULL, NULL), 
('Biologia', 'NEB', NULL, NULL), 
('Contabilidade', 'NAE-ISCA-C', NULL, NULL),
('Eng. Biomédica', 'NEEF-EB', NULL, NULL),
('Administração Pública', 'NEAP', NULL, NULL),
('Ed. Básica', 'NEEB', NULL, NULL),
('Gestão', 'NEG', NULL, NULL),
('EET', 'NEEET', NULL, NULL),
('ECT', 'NEECT', NULL, NULL),
('CBM', 'NECiB', NULL, NULL),
('EGI', 'AEGIA', NULL, NULL),
('Gestão Comercial', 'NAE-ESTGA-GC', NULL, NULL),
('Eng. Civil', 'NEBEC', NULL, NULL),
('Eng. Materiais', 'NEM', NULL, NULL),
('GPT', 'NEGPT', NULL, NULL), 
('Psicologia', 'NEP', NULL, NULL),
('Matemática', 'NEMat', NULL, NULL),
('Ciências do Mar', 'NECM', NULL, NULL),
('MTC', 'NENTC', NULL, NULL),
('Design', 'NED', NULL, NULL),
('Bioquímica', 'NEQ-BQ', NULL, NULL),
('Tecnol. Informação', 'NAE-ESTGA-TI', NULL, NULL),
('Eng. Química', 'NEEQu', NULL, NULL),
('Eng. Física', 'NEEF-EF', NULL, NULL),
('LRE', 'NELRE', NULL, NULL),
('Eng. Informática', 'NEI', NULL, NULL),
('Eng. Computacional', 'NEEF-EC', NULL, NULL),
('Finanças', 'NAE-ISCA-F', NULL, NULL),
('Marketing', 'NAE-ISCA-M', NULL, NULL),
('DPT', 'NAE-ESAN-DPT', NULL, NULL),
('MOG', 'NEMOG', NULL, NULL),
('Eng. Ambiente', 'NEEA', NULL, NULL),
('Música', 'NEMu', NULL, NULL),
('Química', 'NEQ-Q', NULL, NULL),
('Enfermagem', 'NAE-ESSUA-ENF', NULL, NULL),
('EMI', 'NAE-ESTGA-EMI', NULL, NULL),
('Biol. Geologia', 'NEBG', NULL, NULL),
('Geologia', 'NEGeo', NULL, NULL),
('Física', 'NEEF-F', NULL, NULL);



INSERT INTO tacaua.team (course_id, modality_id, name, image)
VALUES
(14, 1, 'EGI', NULL),
(1, 1, 'Fisioterapia', NULL),
(11, 1, 'EET', NULL),
(2, 1, 'Eng. Mec', NULL),
(3, 1, 'Biotecnologia', NULL),
(12, 1, 'ECT', NULL),
(4, 1, 'Economia', NULL),
(13, 1, 'CBM', NULL),
(5, 1, 'Biologia', NULL),
(6, 1, 'Contabilidade', NULL),
(15, 1, 'Gestão Comercial', NULL),
(16, 1, 'Eng. Civil', NULL),
(17, 1, 'Eng. Materiais', NULL),
(18, 1, 'GPT', NULL),
(9, 1, 'Ed. Básica', NULL),
(19, 1, 'Psicologia', NULL),
(20, 1, 'Matemática', NULL),
(10, 1, 'Gestão', NULL),
(21, 1, 'Ciências do Mar', NULL),
(22, 1, 'MTC', NULL),
(23, 1, 'Design', NULL),
(7, 2, 'Eng. Biomédica', NULL),
(14, 2, 'EGI', NULL),
(6, 2, 'Contabilidade', NULL),
(1, 2, 'Fisioterapia', NULL),
(8, 2, 'AP', NULL),
(9, 2, 'Ed. Básica', NULL),
(18, 2, 'GPT', NULL),
(2, 2, 'Eng. Mecânica', NULL),
(10, 2, 'Gestão', NULL),
(24, 2, 'Bioquímica', NULL),
(13, 2, 'CBM', NULL),
(23, 2, 'Design', NULL),
(4, 2, 'Economia', NULL),
(22, 2, 'MTC', NULL),
(19, 2, 'Psicologia', NULL),
(3, 2, 'Biotecnologia', NULL),
(20, 2, 'Matemática', NULL),
(14, 3, 'EGI', NULL),
(17, 3, 'Eng. Materiais', NULL),
(1, 3, 'Fisioterapia', NULL),
(2, 3, 'Eng. Mecânica', NULL),
(12, 3, 'ECT', NULL),
(25, 3, 'Tecnol. Informação', NULL),
(10, 3, 'Gestão', NULL),
(5, 3, 'Biologia', NULL),
(4, 3, 'Economia', NULL),
(26, 3, 'Eng. Química', NULL),
(20, 3, 'Matemática', NULL),
(11, 3, 'EET', NULL),
(27, 3, 'Eng. Física', NULL),
(28, 3, 'LRE', NULL),
(16, 3, 'Eng. Civil', NULL),
(18, 3, 'GPT', NULL),
(22, 3, 'MTC', NULL),
(19, 3, 'Psicologia', NULL),
(6, 3, 'Contabilidade', NULL),
(3, 3, 'Biotecnologia', NULL),
(23, 3, 'Design', NULL),
(29, 3, 'Eng. Informática', NULL),
(7, 3, 'Eng. Biomédica', NULL),
(30, 3, 'Eng. Computacional', NULL),
(13, 3, 'CBM', NULL),
(21, 3, 'Ciências do Mar', NULL),
(2, 4, 'Eng. Mecânica', NULL),
(11, 4, 'EET', NULL),
(10, 4, 'Gestão', NULL),
(14, 4, 'EGI', NULL),
(27, 4, 'Eng. Física', NULL),
(16, 4, 'Eng. Civil', NULL),
(31, 4, 'Finanças', NULL),
(6, 4, 'Contabilidade', NULL),
(23, 4, 'Design', NULL),
(17, 4, 'Eng. Materiais', NULL),
(4, 4, 'Economia', NULL),
(26, 4, 'Eng. Química', NULL),
(8, 4, 'AP', NULL),
(29, 4, 'Eng. Informática', NULL),
(3, 4, 'Biotecnologia', NULL),
(32, 4, 'Marketing', NULL),
(28, 4, 'LRE', NULL),
(33, 4, 'DPT', NULL),
(34, 4, 'MOG', NULL),
(30, 4, 'Eng. Comp', NULL),
(1, 4, 'Fisioterapia', NULL),
(20, 4, 'Matemática', NULL),
(18, 4, 'GPT', NULL),
(5, 4, 'Biologia', NULL),
(19, 4, 'Psicologia', NULL),
(7, 4, 'Eng. Biomédica', NULL),
(12, 4, 'ECT', NULL),
(35, 4, 'Eng. Ambiente', NULL),
(15, 4, 'Gestão Comercial', NULL),
(22, 4, 'MTC', NULL),
(13, 5, 'CBM', NULL),
(2, 5, 'Eng. Mec', NULL),
(14, 5, 'EGI', NULL),
(26, 5, 'Eng. Química', NULL),
(24, 5, 'Bioquímica', NULL),
(17, 5, 'Eng. Materiais', NULL),
(29, 5, 'Eng. Informática', NULL),
(16, 5, 'Eng. Civil', NULL),
(23, 5, 'Design', NULL),
(19, 5, 'Psicologia', NULL),
(4, 5, 'Economia', NULL),
(6, 5, 'Contabilidade', NULL),
(35, 5, 'Eng. Ambiente', NULL),
(9, 5, 'Ed. Básica', NULL),
(11, 5, 'EET', NULL),
(10, 5, 'Gestão', NULL),
(1, 5, 'Fisioterapia', NULL),
(30, 5, 'Eng. Computacional', NULL),
(20, 5, 'Matemática', NULL),
(22, 5, 'MTC', NULL),
(36, 5, 'Música', NULL),
(8, 5, 'AP', NULL),
(14, 6, 'EGI', NULL),
(27, 6, 'Eng. Física', NULL),
(2, 6, 'Eng. Mec', NULL),
(15, 6, 'Gestão Comercial', NULL),
(1, 6, 'Fisioterapia', NULL),
(11, 6, 'EET', NULL),
(16, 6, 'Eng. Civil', NULL),
(10, 6, 'Gestão', NULL),
(29, 6, 'Eng. Informática', NULL),
(17, 6, 'Eng. Materiais', NULL),
(22, 6, 'MTC', NULL),
(6, 6, 'Contabilidade', NULL),
(37, 6, 'Química', NULL),
(38, 6, 'Enfermagem', NULL),
(8, 6, 'AP', NULL),
(14, 6, 'EGI B', NULL),
(39, 6, 'EMI', NULL),
(21, 6, 'Ciências do Mar', NULL),
(40, 6, 'Biol. Geologia', NULL),
(30, 6, 'Eng. Computacional', NULL),
(41, 6, 'Geologia', NULL),
(36, 6, 'Música', NULL),
(18, 6, 'GPT', NULL),
(32, 6, 'Marketing', NULL),
(26, 6, 'Eng. Química', NULL),
(2, 6, 'Eng. Mec B', NULL),
(6, 6, 'Contabilidade B', NULL),
(11, 6, 'EET B', NULL),
(20, 6, 'Matemática', NULL),
(28, 6, 'LRE', NULL),
(23, 6, 'Design', NULL),
(7, 6, 'Eng. Biomédica', NULL),
(4, 6, 'Economia', NULL),
(3, 6, 'Biotecnologia', NULL),
(5, 6, 'Biologia', NULL),
(31, 6, 'Finanças', NULL),
(13, 6, 'CBM', NULL),
(12, 6, 'ECT', NULL),
(19, 6, 'Psicologia', NULL),
(24, 6, 'Bioquímica', NULL),
(14, 7, 'EGI', NULL),
(29, 7, 'Eng. Informática', NULL),
(6, 7, 'Contabilidade', NULL),
(11, 7, 'EET', NULL),
(38, 7, 'Enfermagem', NULL),
(19, 7, 'Psicologia', NULL),
(1, 7, 'Fisioterapia', NULL),
(3, 7, 'Biotecnologia', NULL),
(26, 7, 'Eng. Química', NULL),
(2, 7, 'Eng. Mecânica', NULL),
(10, 7, 'Gestão', NULL),
(15, 7, 'Gestão Comercial', NULL),
(4, 7, 'Economia', NULL),
(24, 7, 'Bioquímica', NULL),
(13, 7, 'CBM A', NULL),
(36, 7, 'Música', NULL),
(7, 7, 'Eng. Biomédica', NULL),
(5, 7, 'Biologia', NULL),
(20, 7, 'Matemática', NULL),
(41, 7, 'Geologia', NULL),
(23, 7, 'Design', NULL),
(33, 7, 'DPT', NULL),
(16, 7, 'Eng. Civil', NULL),
(22, 7, 'MTC', NULL),
(8, 7, 'AP', NULL),
(28, 7, 'LRE', NULL),
(13, 7, 'CBM B', NULL),
(9, 7, 'Ed. Básica', NULL),
(18, 7, 'GPT', NULL),
(11, 8, 'EET', NULL),
(2, 8, 'Eng. Mec', NULL),
(36, 8, 'Música', NULL),
(12, 8, 'ECT', NULL),
(25, 8, 'Tecnol. Informação', NULL),
(14, 8, 'EGI', NULL),
(20, 8, 'Matemática', NULL),
(40, 8, 'Biol. Geologia', NULL),
(17, 8, 'Eng. Materiais', NULL),
(4, 8, 'Economia', NULL),
(8, 8, 'AP', NULL),
(6, 8, 'Contabilidade', NULL),
(26, 8, 'Eng. Química', NULL),
(42, 8, 'Física', NULL),
(18, 8, 'GPT', NULL),
(19, 8, 'Psicologia', NULL),
(13, 8, 'CBM', NULL),
(29, 8, 'Eng. Informática', NULL),
(35, 8, 'Eng. Ambiente', NULL),
(27, 8, 'Eng. Física', NULL),
(11, 8, 'EET B', NULL),
(1, 8, 'Fisioterapia', NULL),
(3, 8, 'Biotecnologia', NULL),
(5, 8, 'Biologia', NULL),
(33, 8, 'DPT', NULL),
(16, 8, 'Eng. Civil', NULL),
(23, 8, 'Design', NULL),
(22, 8, 'MTC', NULL),
(7, 8, 'Eng. Biomédica', NULL),
(30, 8, 'Eng. Computacional', NULL),
(24, 8, 'Bioquímica', NULL),
(21, 8, 'Ciências do Mar', NULL),
(10, 8, 'Gestão', NULL);
