SELECT * FROM tacaua."group";


INSERT INTO tacaua.modality (id, year, type, frame, sport) 
VALUES
(1, 2022, 'COLECTIVE', 'MIXED', 'HANDBALL'),
(2, 2022, 'COLECTIVE', 'FEMININE', 'BASKETBALL'),
(3, 2022, 'COLECTIVE', 'MASCULINE', 'BASKETBALL'),
(4, 2022, 'COLECTIVE', 'MASCULINE', 'FOOTBALL'),
(5, 2022, 'COLECTIVE', 'FEMININE', 'FUTSAL'),
(6, 2022, 'COLECTIVE', 'MASCULINE', 'FUTSAL'),
(7, 2022, 'COLECTIVE', 'FEMININE', 'VOLEYBALL'),
(8, 2022, 'COLECTIVE', 'MASCULINE', 'VOLEYBALL');


INSERT INTO tacaua.course (id, name, short, color, image)
VALUES
(1, 'Fisioterapia', 'NAE-ESSUA-FT', NULL, NULL),
(2, 'Eng. Mecânica', 'NEEMec', NULL, NULL), 
(3, 'Biotecnologia', 'NEQ-BT', NULL, NULL), 
(4, 'Economia', 'NEEC', NULL, NULL), 
(5, 'Biologia', 'NEB', NULL, NULL), 
(6, 'Contabilidade', 'NAE-ISCA-C', NULL, NULL),
(7, 'Eng. Biomédica', 'NEEF-EB', NULL, NULL),
(8, 'Administração Pública', 'NEAP', NULL, NULL),
(9, 'Ed. Básica', 'NEEB', NULL, NULL),
(10, 'Gestão', 'NEG', NULL, NULL),
(11, 'EET', 'NEEET', NULL, NULL),
(12, 'ECT', 'NEECT', NULL, NULL),
(13, 'CBM', 'NECiB', NULL, NULL),
(14, 'EGI', 'AEGIA', NULL, NULL),
(15, 'Gestão Comercial', 'NAE-ESTGA-GC', NULL, NULL),
(16, 'Eng. Civil', 'NEBEC', NULL, NULL),
(17, 'Eng. Materiais', 'NEM', NULL, NULL),
(18, 'GPT', 'NEGPT', NULL, NULL), 
(19, 'Psicologia', 'NEP', NULL, NULL),
(20, 'Matemática', 'NEMat', NULL, NULL),
(21, 'Ciências do Mar', 'NECM', NULL, NULL),
(22, 'MTC', 'NENTC', NULL, NULL),
(23, 'Design', 'NED', NULL, NULL),
(24, 'Bioquímica', 'NEQ-BQ', NULL, NULL),
(25, 'Tecnol. Informação', 'NAE-ESTGA-TI', NULL, NULL),
(26, 'Eng. Química', 'NEEQu', NULL, NULL),
(27, 'Eng. Física', 'NEEF-EF', NULL, NULL),
(28, 'LRE', 'NELRE', NULL, NULL),
(29, 'Eng. Informática', 'NEI', NULL, NULL),
(30, 'Eng. Computacional', 'NEEF-EC', NULL, NULL),
(31, 'Finanças', 'NAE-ISCA-F', NULL, NULL),
(32, 'Marketing', 'NAE-ISCA-M', NULL, NULL),
(33, 'DPT', 'NAE-ESAN-DPT', NULL, NULL),
(34, 'MOG', 'NEMOG', NULL, NULL),
(35, 'Eng. Ambiente', 'NEEA', NULL, NULL),
(36, 'Música', 'NEMu', NULL, NULL),
(37, 'Química', 'NEQ-Q', NULL, NULL),
(38, 'Enfermagem', 'NAE-ESSUA-ENF', NULL, NULL),
(39, 'EMI', 'NAE-ESTGA-EMI', NULL, NULL),
(40, 'Biol. Geologia', 'NEBG', NULL, NULL),
(41, 'Geologia', 'NEGeo', NULL, NULL),
(42, 'Física', 'NEEF-F', NULL, NULL);



INSERT INTO tacaua.team (id, course_id, modality_id, name, image)
VALUES
(1, 14, 1, 'EGI', NULL),
(2, 1, 1, 'Fisioterapia', NULL),
(3, 11, 1, 'EET', NULL),
(4, 2, 1, 'Eng. Mec', NULL),
(5, 3, 1, 'Biotecnologia', NULL),
(6, 12, 1, 'ECT', NULL),
(7, 4, 1, 'Economia', NULL),
(8, 13, 1, 'CBM', NULL),
(9, 5, 1, 'Biologia', NULL),
(10, 6, 1, 'Contabilidade', NULL),
(11, 15, 1, 'Gestão Comercial', NULL),
(12, 16, 1, 'Eng. Civil', NULL),
(13, 17, 1, 'Eng. Materiais', NULL),
(14, 18, 1, 'GPT', NULL),
(15, 9, 1, 'Ed. Básica', NULL),
(16, 19, 1, 'Psicologia', NULL),
(17, 20, 1, 'Matemática', NULL),
(18, 10, 1, 'Gestão', NULL),
(19, 21, 1, 'Ciências do Mar', NULL),
(20, 22, 1, 'MTC', NULL),
(21, 23, 1, 'Design', NULL),
(22, 7, 2, 'Eng. Biomédica', NULL),
(23, 14, 2, 'EGI', NULL),
(24, 6, 2, 'Contabilidade', NULL),
(25, 1, 2, 'Fisioterapia', NULL),
(26, 8, 2, 'AP', NULL),
(27, 9, 2, 'Ed. Básica', NULL),
(28, 18, 2, 'GPT', NULL),
(29, 2, 2, 'Eng. Mecânica', NULL),
(30, 10, 2, 'Gestão', NULL),
(31, 24, 2, 'Bioquímica', NULL),
(32, 13, 2, 'CBM', NULL),
(33, 23, 2, 'Design', NULL),
(34, 4, 2, 'Economia', NULL),
(35, 22, 2, 'MTC', NULL),
(36, 19, 2, 'Psicologia', NULL),
(37, 3, 2, 'Biotecnologia', NULL),
(38, 20, 2, 'Matemática', NULL),
(39, 14, 3, 'EGI', NULL),
(40, 17, 3, 'Eng. Materiais', NULL),
(41, 1, 3, 'Fisioterapia', NULL),
(42, 2, 3, 'Eng. Mecânica', NULL),
(43, 12, 3, 'ECT', NULL),
(44, 25, 3, 'Tecnol. Informação', NULL),
(45, 10, 3, 'Gestão', NULL),
(46, 5, 3, 'Biologia', NULL),
(47, 4, 3, 'Economia', NULL),
(48, 26, 3, 'Eng. Química', NULL),
(49, 20, 3, 'Matemática', NULL),
(50, 11, 3, 'EET', NULL),
(51, 27, 3, 'Eng. Física', NULL),
(52, 28, 3, 'LRE', NULL),
(53, 16, 3, 'Eng. Civil', NULL),
(54, 18, 3, 'GPT', NULL),
(55, 22, 3, 'MTC', NULL),
(56, 19, 3, 'Psicologia', NULL),
(57, 6, 3, 'Contabilidade', NULL),
(58, 3, 3, 'Biotecnologia', NULL),
(59, 23, 3, 'Design', NULL),
(60, 29, 3, 'Eng. Informática', NULL),
(61, 7, 3, 'Eng. Biomédica', NULL),
(62, 30, 3, 'Eng. Computacional', NULL),
(63, 13, 3, 'CBM', NULL),
(64, 21, 3, 'Ciências do Mar', NULL),
(65, 2, 4, 'Eng. Mecânica', NULL),
(66, 11, 4, 'EET', NULL),
(67, 10, 4, 'Gestão', NULL),
(68, 14, 4, 'EGI', NULL),
(69, 27, 4, 'Eng. Física', NULL),
(70, 16, 4, 'Eng. Civil', NULL),
(71, 31, 4, 'Finanças', NULL),
(72, 6, 4, 'Contabilidade', NULL),
(73, 23, 4, 'Design', NULL),
(74, 17, 4, 'Eng. Materiais', NULL),
(75, 4, 4, 'Economia', NULL),
(76, 26, 4, 'Eng. Química', NULL),
(77, 8, 4, 'AP', NULL),
(78, 29, 4, 'Eng. Informática', NULL),
(79, 3, 4, 'Biotecnologia', NULL),
(80, 32, 4, 'Marketing', NULL),
(81, 28, 4, 'LRE', NULL),
(82, 33, 4, 'DPT', NULL),
(83, 34, 4, 'MOG', NULL),
(84, 30, 4, 'Eng. Comp', NULL),
(85, 1, 4, 'Fisioterapia', NULL),
(86, 20, 4, 'Matemática', NULL),
(87, 18, 4, 'GPT', NULL),
(88, 5, 4, 'Biologia', NULL),
(89, 19, 4, 'Psicologia', NULL),
(90, 7, 4, 'Eng. Biomédica', NULL),
(91, 12, 4, 'ECT', NULL),
(92, 35, 4, 'Eng. Ambiente', NULL),
(93, 15, 4, 'Gestão Comercial', NULL),
(94, 22, 4, 'MTC', NULL),
(95, 13, 5, 'CBM', NULL),
(96, 2, 5, 'Eng. Mec', NULL),
(97, 14, 5, 'EGI', NULL),
(98, 26, 5, 'Eng. Química', NULL),
(99, 24, 5, 'Bioquímica', NULL),
(100, 17, 5, 'Eng. Materiais', NULL),
(101, 29, 5, 'Eng. Informática', NULL),
(102, 16, 5, 'Eng. Civil', NULL),
(103, 23, 5, 'Design', NULL),
(104, 19, 5, 'Psicologia', NULL),
(105, 4, 5, 'Economia', NULL),
(106, 6, 5, 'Contabilidade', NULL),
(107, 35, 5, 'Eng. Ambiente', NULL),
(108, 9, 5, 'Ed. Básica', NULL),
(109, 11, 5, 'EET', NULL),
(110, 10, 5, 'Gestão', NULL),
(111, 1, 5, 'Fisioterapia', NULL),
(112, 30, 5, 'Eng. Computacional', NULL),
(113, 20, 5, 'Matemática', NULL),
(114, 22, 5, 'MTC', NULL),
(115, 36, 5, 'Música', NULL),
(116, 8, 5, 'AP', NULL),
(117, 14, 6, 'EGI', NULL),
(118, 27, 6, 'Eng. Física', NULL),
(119, 2, 6, 'Eng. Mec', NULL),
(120, 15, 6, 'Gestão Comercial', NULL),
(121, 1, 6, 'Fisioterapia', NULL),
(122, 11, 6, 'EET', NULL),
(123, 16, 6, 'Eng. Civil', NULL),
(124, 10, 6, 'Gestão', NULL),
(125, 29, 6, 'Eng. Informática', NULL),
(126, 17, 6, 'Eng. Materiais', NULL),
(127, 22, 6, 'MTC', NULL),
(128, 6, 6, 'Contabilidade', NULL),
(129, 37, 6, 'Química', NULL),
(130, 38, 6, 'Enfermagem', NULL),
(131, 8, 6, 'AP', NULL),
(132, 14, 6, 'EGI B', NULL),
(133, 39, 6, 'EMI', NULL),
(134, 21, 6, 'Ciências do Mar', NULL),
(135, 40, 6, 'Biol. Geologia', NULL),
(136, 30, 6, 'Eng. Computacional', NULL),
(137, 41, 6, 'Geologia', NULL),
(138, 36, 6, 'Música', NULL),
(139, 18, 6, 'GPT', NULL),
(140, 32, 6, 'Marketing', NULL),
(141, 26, 6, 'Eng. Química', NULL),
(142, 2, 6, 'Eng. Mec B', NULL),
(143, 6, 6, 'Contabilidade B', NULL),
(144, 11, 6, 'EET B', NULL),
(145, 20, 6, 'Matemática', NULL),
(146, 28, 6, 'LRE', NULL),
(147, 23, 6, 'Design', NULL),
(148, 7, 6, 'Eng. Biomédica', NULL),
(149, 4, 6, 'Economia', NULL),
(150, 3, 6, 'Biotecnologia', NULL),
(151, 5, 6, 'Biologia', NULL),
(152, 31, 6, 'Finanças', NULL),
(153, 13, 6, 'CBM', NULL),
(154, 12, 6, 'ECT', NULL),
(155, 19, 6, 'Psicologia', NULL),
(156, 24, 6, 'Bioquímica', NULL),
(157, 14, 7, 'EGI', NULL),
(158, 29, 7, 'Eng. Informática', NULL),
(159, 6, 7, 'Contabilidade', NULL),
(160, 11, 7, 'EET', NULL),
(161, 38, 7, 'Enfermagem', NULL),
(162, 19, 7, 'Psicologia', NULL),
(163, 1, 7, 'Fisioterapia', NULL),
(164, 3, 7, 'Biotecnologia', NULL),
(165, 26, 7, 'Eng. Química', NULL),
(166, 2, 7, 'Eng. Mecânica', NULL),
(167, 10, 7, 'Gestão', NULL),
(168, 15, 7, 'Gestão Comercial', NULL),
(169, 4, 7, 'Economia', NULL),
(170, 24, 7, 'Bioquímica', NULL),
(171, 13, 7, 'CBM A', NULL),
(172, 36, 7, 'Música', NULL),
(173, 7, 7, 'Eng. Biomédica', NULL),
(174, 5, 7, 'Biologia', NULL),
(175, 20, 7, 'Matemática', NULL),
(176, 41, 7, 'Geologia', NULL),
(177, 23, 7, 'Design', NULL),
(178, 33, 7, 'DPT', NULL),
(179, 16, 7, 'Eng. Civil', NULL),
(180, 22, 7, 'MTC', NULL),
(181, 8, 7, 'AP', NULL),
(182, 28, 7, 'LRE', NULL),
(183, 13, 7, 'CBM B', NULL),
(184, 9, 7, 'Ed. Básica', NULL),
(185, 18, 7, 'GPT', NULL),
(186, 11, 8, 'EET', NULL),
(187, 2, 8, 'Eng. Mec', NULL),
(188, 36, 8, 'Música', NULL),
(189, 12, 8, 'ECT', NULL),
(190, 25, 8, 'Tecnol. Informação', NULL),
(191, 14, 8, 'EGI', NULL),
(192, 20, 8, 'Matemática', NULL),
(193, 40, 8, 'Biol. Geologia', NULL),
(194, 17, 8, 'Eng. Materiais', NULL),
(195, 4, 8, 'Economia', NULL),
(196, 8, 8, 'AP', NULL),
(197, 6, 8, 'Contabilidade', NULL),
(198, 26, 8, 'Eng. Química', NULL),
(199, 42, 8, 'Física', NULL),
(200, 18, 8, 'GPT', NULL),
(201, 19, 8, 'Psicologia', NULL),
(202, 13, 8, 'CBM', NULL),
(203, 29, 8, 'Eng. Informática', NULL),
(204, 35, 8, 'Eng. Ambiente', NULL),
(205, 27, 8, 'Eng. Física', NULL),
(206, 11, 8, 'EET B', NULL),
(207, 1, 8, 'Fisioterapia', NULL),
(208, 3, 8, 'Biotecnologia', NULL),
(209, 5, 8, 'Biologia', NULL),
(210, 33, 8, 'DPT', NULL),
(211, 16, 8, 'Eng. Civil', NULL),
(212, 23, 8, 'Design', NULL),
(213, 22, 8, 'MTC', NULL),
(214, 7, 8, 'Eng. Biomédica', NULL),
(215, 30, 8, 'Eng. Computacional', NULL),
(216, 24, 8, 'Bioquímica', NULL),
(217, 21, 8, 'Ciências do Mar', NULL),
(218, 10, 8, 'Gestão', NULL);



INSERT INTO tacaua.competition (id, modality_id, division, name, started, public, metadata)
VALUES
(1, 6, 1, 'Fase de grupos', TRUE, TRUE, '{
    "system": "Todos Contra Todos",
    "play_each_other_times": 1,
    "pts_win": 3,
    "pts_win_tiebreak": 2,
    "pts_tie": 1,
    "pts_loss_tiebreak": 1,
    "pts_loss": 0,
    "pts_ff": 0,
    "ff_score_for": 0,
    "ff_score_agst": 0
}'), -- RoundRobin
(2, 6, 2, 'Fase de grupos', TRUE, TRUE, '{
    "system": "Todos Contra Todos",
    "play_each_other_times": 1,
    "pts_win": 3,
    "pts_win_tiebreak": 2,
    "pts_tie": 1,
    "pts_loss_tiebreak": 1,
    "pts_loss": 0,
    "pts_ff": 0,
    "ff_score_for": 0,
    "ff_score_agst": 0
}'), -- RoundRobin
(3, 6, 2, 'Liguilha', TRUE, TRUE, '{
    "system": "Eliminação Direta",
    "third_place_match": false
}'), -- SingleElimination
(4, 6, NULL, 'Playoffs', TRUE, TRUE, '{
    "system": "Eliminação Direta",
    "third_place_match": true
}'); -- SingleElimination



INSERT INTO tacaua.group (id, competition_id, number)
VALUES
(1, 1, 1),
(2, 2, 1),
(3, 2, 2),
(4, 2, 3),
(5, 3, 1),
(6, 4, 1);


INSERT INTO tacaua.group_teams (group_id, team_id)
VALUES
(1, 117),
(1, 118),
(1, 119),
(1, 120),
(1, 121),
(1, 122),
(1, 123),
(1, 124),
(1, 125),
(1, 126),
(1, 127),
(1, 128),
(2, 129),
(2, 130),
(2, 131),
(2, 132),
(2, 133),
(2, 134),
(2, 135),
(2, 136),
(2, 137),
(2, 138),
(3, 139),
(3, 140),
(3, 141),
(3, 142),
(3, 143),
(3, 144),
(3, 145),
(3, 146),
(3, 147),
(4, 148),
(4, 149),
(4, 150),
(4, 151),
(4, 152),
(4, 153),
(4, 154),
(4, 155),
(4, 156),
(5, 140),
(5, 149),
(5, 130),
(6, 117),
(6, 118),
(6, 119),
(6, 120),
(6, 140),
(6, 129),
(6, 139),
(6, 148);


INSERT INTO tacaua.match (id, round, group_id, team1_id, team2_id, score1, score2, games1, games2, winner, forfeiter, live, date, team1_prereq_match_id, team2_prereq_match_id, team1_is_prereq_match_winner, team2_is_prereq_match_winner)
VALUES
(1, 1, 1, 122, 119, 2, 5, NULL, NULL, 2, NULL, FALSE, '2022-10-17 21:00:00', NULL, NULL, NULL, NULL),
(2, 1, 1, 118, 126, 3, 2, NULL, NULL, 1, NULL, FALSE, '2022-10-17 20:00:00', NULL, NULL, NULL, NULL),
(3, 1, 1, 120, 125, 7, 1, NULL, NULL, 1, NULL, FALSE, '2022-10-17 22:00:00', NULL, NULL, NULL, NULL),
(4, 1, 1, 121, 117, 3, 6, NULL, NULL, 2, NULL, FALSE, '2022-10-17 23:00:00', NULL, NULL, NULL, NULL),
(5, 1, 1, 127, 124, 2, 9, NULL, NULL, 2, NULL, FALSE, '2022-10-18 21:30:00', NULL, NULL, NULL, NULL),
(6, 1, 1, 123, 128, NULL, NULL, NULL, NULL, NULL, 2, FALSE, '2022-10-18 22:30:00', NULL, NULL, NULL, NULL),
(7, 2, 1, 126, 123, 1, 2, NULL, NULL, 1, NULL, FALSE, '2022-10-30 18:30:00', NULL, NULL, NULL, NULL),
(8, 2, 1, 119, 118, 4, 5, NULL, NULL, 2, NULL, FALSE, '2022-10-30 19:30:00', NULL, NULL, NULL, NULL),
(9, 2, 1, 125, 122, 2, 4, NULL, NULL, 2, NULL, FALSE, '2022-10-30 20:30:00', NULL, NULL, NULL, NULL),
(10, 2, 1, 117, 120, 2, 2, NULL, NULL, 0, NULL, FALSE, '2022-10-30 21:30:00', NULL, NULL, NULL, NULL),
(11, 2, 1, 124, 121, 1, 4, NULL, NULL, 2, NULL, FALSE, '2022-10-30 22:30:00', NULL, NULL, NULL, NULL),
(12, 2, 1, 128, 127, NULL, NULL, NULL, NULL, NULL, 1, FALSE, '2022-10-30 23:30:00', NULL, NULL, NULL, NULL),
(13, 3, 1, 126, 119, 1, 3, NULL, NULL, 2, NULL, FALSE, '2022-11-29 21:30:00', NULL, NULL, NULL, NULL),
(14, 3, 1, 118, 125, 2, 2, NULL, NULL, 0, NULL, FALSE, '2022-11-29 22:30:00', NULL, NULL, NULL, NULL),
(15, 3, 1, 122, 117, 3, 5, NULL, NULL, 2, NULL, FALSE, '2022-11-29 23:30:00', NULL, NULL, NULL, NULL),
(16, 3, 1, 120, 124, 13, 1, NULL, NULL, 1, NULL, FALSE, '2022-11-30 21:30:00', NULL, NULL, NULL, NULL),
(17, 3, 1, 121, 128, NULL, NULL, NULL, NULL, NULL, 2, FALSE, '2022-11-30 22:30:00', NULL, NULL, NULL, NULL),
(18, 3, 1, 123, 127, 7, 1, NULL, NULL, 1, NULL, FALSE, '2022-11-30 23:30:00', NULL, NULL, NULL, NULL),
(19, 4, 1, 119, 123, 1, 4, NULL, NULL, 2, NULL, FALSE, '2022-12-07 18:30:00', NULL, NULL, NULL, NULL),
(20, 4, 1, 125, 126, 5, 1, NULL, NULL, 1, NULL, FALSE, '2022-12-07 19:30:00', NULL, NULL, NULL, NULL),
(21, 4, 1, 117, 118, 5, 3, NULL, NULL, 1, NULL, FALSE, '2022-12-07 20:30:00', NULL, NULL, NULL, NULL),
(22, 4, 1, 124, 122, 1, 2, NULL, NULL, 2, NULL, FALSE, '2022-12-07 21:30:00', NULL, NULL, NULL, NULL),
(23, 4, 1, 128, 120, NULL, NULL, NULL, NULL, NULL, 1, FALSE, '2022-12-07 22:30:00', NULL, NULL, NULL, NULL),
(24, 4, 1, 127, 121, 6, 7, NULL, NULL, 2, NULL, FALSE, '2022-12-07 23:30:00', NULL, NULL, NULL, NULL),
(25, 5, 1, 119, 125, 6, 3, NULL, NULL, 1, NULL, FALSE, '2023-01-11 18:30:00', NULL, NULL, NULL, NULL),
(26, 5, 1, 126, 117, 1, 16, NULL, NULL, 2, NULL, FALSE, '2023-01-11 19:30:00', NULL, NULL, NULL, NULL),
(27, 5, 1, 118, 124, 3, 3, NULL, NULL, 0, NULL, FALSE, '2023-01-11 20:30:00', NULL, NULL, NULL, NULL),
(28, 5, 1, 122, 128, NULL, NULL, NULL, NULL, NULL, 2, FALSE, '2023-01-11 23:30:00', NULL, NULL, NULL, NULL),
(29, 5, 1, 120, 127, 3, 2, NULL, NULL, 1, NULL, FALSE, '2023-01-11 22:30:00', NULL, NULL, NULL, NULL),
(30, 5, 1, 123, 121, 2, 3, NULL, NULL, 2, NULL, FALSE, '2023-01-11 21:30:00', NULL, NULL, NULL, NULL),
(31, 6, 1, 125, 123, 1, 2, NULL, NULL, 2, NULL, FALSE, '2023-02-12 18:30:00', NULL, NULL, NULL, NULL),
(32, 6, 1, 117, 119, 5, 3, NULL, NULL, 1, NULL, FALSE, '2023-02-12 19:30:00', NULL, NULL, NULL, NULL),
(33, 6, 1, 124, 126, 3, 0, NULL, NULL, 1, NULL, FALSE, '2023-02-12 20:30:00', NULL, NULL, NULL, NULL),
(34, 6, 1, 128, 118, NULL, NULL, NULL, NULL, NULL, 1, FALSE, '2023-02-12 21:30:00', NULL, NULL, NULL, NULL),
(35, 6, 1, 127, 122, 2, 8, NULL, NULL, 2, NULL, FALSE, '2023-02-12 22:30:00', NULL, NULL, NULL, NULL),
(36, 6, 1, 121, 120, 1, 8, NULL, NULL, 2, NULL, FALSE, '2023-02-12 23:30:00', NULL, NULL, NULL, NULL),
(37, 7, 1, 125, 117, 1, 7, NULL, NULL, 2, NULL, FALSE, '2023-03-08 23:30:00', NULL, NULL, NULL, NULL),
(38, 7, 1, 119, 124, 3, 0, NULL, NULL, 1, NULL, FALSE, '2023-03-07 21:15:00', NULL, NULL, NULL, NULL),
(39, 7, 1, 126, 128, NULL, NULL, NULL, NULL, NULL, 2, FALSE, '2023-03-07 22:15:00', NULL, NULL, NULL, NULL),
(40, 7, 1, 118, 127, 10, 0, NULL, NULL, 1, NULL, FALSE, '2023-03-07 23:15:00', NULL, NULL, NULL, NULL),
(41, 7, 1, 122, 121, 2, 3, NULL, NULL, 2, NULL, FALSE, '2023-03-08 22:30:00', NULL, NULL, NULL, NULL),
(42, 7, 1, 123, 120, 0, 4, NULL, NULL, 2, NULL, FALSE, '2023-02-26 20:30:00', NULL, NULL, NULL, NULL),
(43, 8, 1, 117, 123, 5, 3, NULL, NULL, 1, NULL, FALSE, '2023-03-20 20:15:00', NULL, NULL, NULL, NULL),
(44, 8, 1, 124, 125, 8, 2, NULL, NULL, 1, NULL, FALSE, '2023-03-19 21:15:00', NULL, NULL, NULL, NULL),
(45, 8, 1, 128, 119, NULL, NULL, NULL, NULL, NULL, 1, FALSE, '2023-03-20 22:15:00', NULL, NULL, NULL, NULL),
(46, 8, 1, 127, 126, 3, 5, NULL, NULL, 2, NULL, FALSE, '2023-03-20 23:15:00', NULL, NULL, NULL, NULL),
(47, 8, 1, 121, 118, 1, 1, NULL, NULL, 0, NULL, FALSE, '2023-03-21 22:30:00', NULL, NULL, NULL, NULL),
(48, 8, 1, 120, 122, 2, 4, NULL, NULL, 2, NULL, FALSE, '2023-03-21 23:30:00', NULL, NULL, NULL, NULL),
(49, 9, 1, 117, 124, 3, 2, NULL, NULL, 1, NULL, FALSE, '2023-04-12 18:30:00', NULL, NULL, NULL, NULL),
(50, 9, 1, 125, 128, NULL, NULL, NULL, NULL, NULL, 2, FALSE, '2023-04-12 18:30:00', NULL, NULL, NULL, NULL),
(51, 9, 1, 117, 124, 3, 2, NULL, NULL, 1, NULL, FALSE, '2023-04-11 18:30:00', NULL, NULL, NULL, NULL),
(52, 9, 1, 119, 127, 17, 0, NULL, NULL, 1, NULL, FALSE, '2023-04-12 19:30:00', NULL, NULL, NULL, NULL),
(53, 9, 1, 118, 120, 4, 0, NULL, NULL, 1, NULL, FALSE, '2023-04-11 19:30:00', NULL, NULL, NULL, NULL),
(54, 9, 1, 123, 122, 2, 2, NULL, NULL, 0, NULL, FALSE, '2023-04-11 20:30:00', NULL, NULL, NULL, NULL),
(55, 10, 1, 123, 124, 3, 2, NULL, NULL, 1, NULL, FALSE, '2023-05-03 18:30:00', NULL, NULL, NULL, NULL),
(56, 10, 1, 128, 117, NULL, NULL, NULL, NULL, NULL, 1, FALSE, '2023-05-03 19:30:00', NULL, NULL, NULL, NULL),
(57, 10, 1, 127, 125, 2, 18, NULL, NULL, 2, NULL, FALSE, '2023-05-03 20:30:00', NULL, NULL, NULL, NULL),
(58, 10, 1, 121, 119, 4, 5, NULL, NULL, 2, NULL, FALSE, '2023-05-03 21:30:00', NULL, NULL, NULL, NULL),
(59, 10, 1, 120, 126, 11, 0, NULL, NULL, 1, NULL, FALSE, '2023-05-03 22:30:00', NULL, NULL, NULL, NULL),
(60, 10, 1, 122, 118, 1, 3, NULL, NULL, 2, NULL, FALSE, '2023-05-03 23:30:00', NULL, NULL, NULL, NULL),
(61, 11, 1, 124, 128, NULL, NULL, NULL, NULL, NULL, 2, FALSE, '2023-05-07 18:30:00', NULL, NULL, NULL, NULL),
(62, 11, 1, 117, 127, 3, 0, NULL, NULL, 1, NULL, FALSE, '2023-05-07 19:30:00', NULL, NULL, NULL, NULL),
(63, 11, 1, 125, 121, 1, 5, NULL, NULL, 2, NULL, FALSE, '2023-05-07 20:30:00', NULL, NULL, NULL, NULL),
(64, 11, 1, 119, 120, 5, 2, NULL, NULL, 1, NULL, FALSE, '2023-05-07 21:30:00', NULL, NULL, NULL, NULL),
(65, 11, 1, 126, 122, 0, 3, NULL, NULL, 1, NULL, FALSE, '2023-05-07 22:30:00', NULL, NULL, NULL, NULL),
(66, 11, 1, 118, 123, 4, 2, NULL, NULL, 1, NULL, FALSE, '2023-05-07 23:30:00', NULL, NULL, NULL, NULL),
(67, 1, 2, 129, 130, 4, 3, NULL, NULL, 1, NULL, FALSE, '2023-10-18 23:30:00', NULL, NULL, NULL, NULL),
(68, 1, 2, 131, 132, 4, 3, NULL, NULL, 1, NULL, FALSE, '2023-10-19 15:30:00', NULL, NULL, NULL, NULL),
(69, 1, 2, 136, 137, 4, 2, NULL, NULL, 1, NULL, FALSE, '2023-10-25 23:30:00', NULL, NULL, NULL, NULL),
(70, 1, 2, 138, 133, 1, 1, NULL, NULL, 0, NULL, FALSE, '2023-10-19 17:30:00', NULL, NULL, NULL, NULL),
(71, 1, 2, 134, 135, 4, 3, NULL, NULL, 1, NULL, FALSE, '2023-10-18 23:30:00', NULL, NULL, NULL, NULL),
(72, 2, 2, 130, 131, 7, 5, NULL, NULL, 1, NULL, FALSE, '2023-11-13 19:30:00', NULL, NULL, NULL, NULL),
(73, 2, 2, 135, 129, 2, 3, NULL, NULL, 2, NULL, FALSE, '2023-11-13 20:30:00', NULL, NULL, NULL, NULL),
(74, 2, 2, 132, 136, 4, 3, NULL, NULL, 1, NULL, FALSE, '2023-11-13 21:30:00', NULL, NULL, NULL, NULL),
(75, 2, 2, 137, 138, 3, 1, NULL, NULL, 1, NULL, FALSE, '2023-11-13 22:30:00', NULL, NULL, NULL, NULL),
(76, 2, 2, 133, 134, 4, 3, NULL, NULL, 1, NULL, FALSE, '2023-11-13 23:30:00', NULL, NULL, NULL, NULL),
(77, 3, 2, 136, 130, 1, 3, NULL, NULL, 2, NULL, FALSE, '2023-11-16 20:30:00', NULL, NULL, NULL, NULL),
(78, 3, 2, 131, 129, 6, 2, NULL, NULL, 1, NULL, FALSE, '2023-11-16 21:30:00', NULL, NULL, NULL, NULL),
(79, 3, 2, 138, 132, 0, 5, NULL, NULL, 2, NULL, FALSE, '2023-11-16 22:30:00', NULL, NULL, NULL, NULL),
(80, 3, 2, 134, 137, 9, 2, NULL, NULL, 1, NULL, FALSE, '2023-11-16 23:30:00', NULL, NULL, NULL, NULL),
(81, 3, 2, 135, 133, 3, 4, NULL, NULL, 2, NULL, FALSE, '2023-11-17 20:30:00', NULL, NULL, NULL, NULL),
(82, 4, 2, 130, 137, 6, 1, NULL, NULL, 1, NULL, FALSE, '2023-12-06 22:30:00', NULL, NULL, NULL, NULL),
(83, 4, 2, 129, 136, 6, 2, NULL, NULL, 1, NULL, FALSE, '2023-12-12 23:30:00', NULL, NULL, NULL, NULL),
(84, 4, 2, 131, 135, 6, 4, NULL, NULL, 1, NULL, FALSE, '2023-12-14 22:30:00', NULL, NULL, NULL, NULL),
(85, 4, 2, 132, 134, 4, 0, NULL, NULL, 1, NULL, FALSE, '2023-12-12 20:30:00', NULL, NULL, NULL, NULL),
(86, 4, 2, 137, 133, 3, 5, NULL, NULL, 2, NULL, FALSE, '2023-12-14 21:30:00', NULL, NULL, NULL, NULL),
(87, 5, 2, 134, 130, 0, 5, NULL, NULL, 2, NULL, FALSE, '2023-01-12 21:30:00', NULL, NULL, NULL, NULL),
(88, 5, 2, 138, 129, 2, 4, NULL, NULL, 2, NULL, FALSE, '2023-01-12 22:30:00', NULL, NULL, NULL, NULL),
(89, 5, 2, 136, 131, 1, 5, NULL, NULL, 2, NULL, FALSE, '2023-01-12 23:30:00', NULL, NULL, NULL, NULL),
(90, 5, 2, 132, 134, 4, 4, NULL, NULL, 0, NULL, FALSE, '2023-01-16 21:30:00', NULL, NULL, NULL, NULL),
(91, 5, 2, 135, 137, 6, 2, NULL, NULL, 1, NULL, FALSE, '2023-01-16 22:30:00', NULL, NULL, NULL, NULL),
(92, 6, 2, 130, 133, 4, 1, NULL, NULL, 1, NULL, FALSE, '2023-02-26 19:30:00', NULL, NULL, NULL, NULL),
(93, 6, 2, 129, 134, 4, 3, NULL, NULL, 1, NULL, FALSE, '2023-02-26 20:30:00', NULL, NULL, NULL, NULL),
(94, 6, 2, 131, 138, 3, 0, NULL, NULL, 1, NULL, FALSE, '2023-02-26 21:30:00', NULL, NULL, NULL, NULL),
(95, 6, 2, 136, 135, 1, 5, NULL, NULL, 1, NULL, FALSE, '2023-02-26 22:30:00', NULL, NULL, NULL, NULL),
(96, 6, 2, 132, 137, 8, 1, NULL, NULL, 1, NULL, FALSE, '2023-02-26 23:30:00', NULL, NULL, NULL, NULL),
(97, 7, 2, 137, 130, 1, 9, NULL, NULL, 2, NULL, FALSE, '2023-03-15 22:30:00', NULL, NULL, NULL, NULL),
(98, 7, 2, 133, 129, 1, 3, NULL, NULL, 2, NULL, FALSE, '2023-03-15 23:30:00', NULL, NULL, NULL, NULL),
(99, 7, 2, 134, 131, 2, 2, NULL, NULL, 0, NULL, FALSE, '2023-03-16 21:30:00', NULL, NULL, NULL, NULL),
(100, 7, 2, 138, 136, 2, 4, NULL, NULL, 2, NULL, FALSE, '2023-03-16 22:30:00', NULL, NULL, NULL, NULL),
(101, 7, 2, 135, 132, 0, 3, NULL, NULL, 2, NULL, FALSE, '2023-03-16 23:30:00', NULL, NULL, NULL, NULL),
(102, 8, 2, 130, 132, 4, 2, NULL, NULL, 1, NULL, FALSE, '2023-04-10 22:30:00', NULL, NULL, NULL, NULL),
(103, 8, 2, 129, 137, 12, 3, NULL, NULL, 1, NULL, FALSE, '2023-05-02 16:00:00', NULL, NULL, NULL, NULL),
(104, 8, 2, 131, 133, 6, 4, NULL, NULL, 1, NULL, FALSE, '2023-04-13 21:30:00', NULL, NULL, NULL, NULL),
(105, 8, 2, 136, 134, 4, 8, NULL, NULL, 2, NULL, FALSE, '2023-04-13 22:30:00', NULL, NULL, NULL, NULL),
(106, 8, 2, 138, 135, 1, 4, NULL, NULL, 2, NULL, FALSE, '2023-04-13 23:30:00', NULL, NULL, NULL, NULL),
(107, 9, 2, 135, 130, 1, 6, NULL, NULL, 2, NULL, FALSE, '2023-05-03 15:30:00', NULL, NULL, NULL, NULL),
(108, 9, 2, 132, 129, 3, 8, NULL, NULL, 1, NULL, FALSE, '2023-05-09 16:30:00', NULL, NULL, NULL, NULL),
(109, 9, 2, 137, 131, 3, 8, NULL, NULL, 1, NULL, FALSE, '2023-05-09 17:30:00', NULL, NULL, NULL, NULL),
(110, 9, 2, 133, 136, 6, 0, NULL, NULL, 1, NULL, FALSE, '2023-05-03 22:15:00', NULL, NULL, NULL, NULL),
(111, 9, 2, 134, 138, 6, 4, NULL, NULL, 1, NULL, FALSE, '2023-05-03 23:15:00', NULL, NULL, NULL, NULL),
(112, 1, 5, 130, 140, 3, 6, NULL, NULL, 2, 1, FALSE, '2023-05-14 18:30:00', NULL, NULL, NULL, NULL), -- Liguilha
(113, 1, 5, 130, 150, 2, 3, NULL, NULL, 2, 1, FALSE, '2023-05-16 20:30:00', NULL, NULL, NULL, NULL),
(114, 2, 5, 140, 150, 1, 1, NULL, NULL, 0, NULL, FALSE, '2023-05-18 23:30:00', NULL, NULL, NULL, NULL),
(115, 1, 6, 117, 140, NULL, NULL, NULL, NULL, NULL, NULL, FALSE, '2023-05-21 20:00:00', NULL, NULL, NULL, NULL),  -- Playoffs
(116, 1, 6, 118, 129, NULL, NULL, NULL, NULL, NULL, NULL, FALSE, '2023-05-21 21:00:00', NULL, NULL, NULL, NULL),
(117, 1, 6, 119, 139, NULL, NULL, NULL, NULL, NULL, NULL, FALSE, '2023-05-21 22:00:00', NULL, NULL, NULL, NULL),
(118, 1, 6, 120, 149, NULL, NULL, NULL, NULL, NULL, NULL, FALSE, '2023-05-21 23:00:00', NULL, NULL, NULL, NULL),
(119, 2, 6, NULL, NULL, NULL, NULL, NULL, NULL, NULL, NULL, FALSE, '2023-05-30 20:30:00', 115, 118, TRUE, TRUE),
(120, 2, 6, NULL, NULL, NULL, NULL, NULL, NULL, NULL, NULL, FALSE, '2023-05-30 22:00:00', 116, 117, TRUE, TRUE),
(121, 3, 6, NULL, NULL, NULL, NULL, NULL, NULL, NULL, NULL, FALSE, '2023-05-31 16:30:00', 119, 120, FALSE, FALSE),
(122, 4, 6, NULL, NULL, NULL, NULL, NULL, NULL, NULL, NULL, FALSE, '2023-06-06 22:00:00', 119, 120, TRUE, TRUE),
(123, 1, 3, 145, 147, 4, 0, NULL, NULL, 1, 2, FALSE, '2022-10-19 19:30:00', NULL, NULL, NULL, NULL),
(124, 1, 3, 142, 146, 2, 1, NULL, NULL, 1, 2, FALSE, '2022-10-19 20:30:00', NULL, NULL, NULL, NULL),
(125, 1, 3, 139, 144, 2, 2, NULL, NULL, 0, NULL, FALSE, '2022-10-19 21:30:00', NULL, NULL, NULL, NULL),
(126, 1, 3, 141, 143, 4, 4, NULL, NULL, 0, NULL, FALSE, '2022-10-19 22:30:00', NULL, NULL, NULL, NULL),
(127, 1, 3, 140, NULL, NULL, NULL, NULL, NULL, 1, NULL, FALSE, NULL, NULL, NULL, NULL, NULL),
(128, 2, 3, 147, 142, 1, 4, NULL, NULL, 2, 1, FALSE, '2022-11-01 20:30:00', NULL, NULL, NULL, NULL),
(129, 2, 3, NULL, 145, NULL, NULL, NULL, NULL, 2, NULL, FALSE, NULL, NULL, NULL, NULL, NULL),
(130, 2, 3, 146, 139, 1, 3, NULL, NULL, 2, 1, FALSE, '2022-11-01 21:30:00', NULL, NULL, NULL, NULL),
(131, 2, 3, 144, 141, 1, 1, NULL, NULL, 0, NULL, FALSE, '2022-11-01 22:30:00', NULL, NULL, NULL, NULL),
(132, 2, 3, 143, 140, 0, 4, NULL, NULL, 2, 1, FALSE, '2022-11-01 23:30:00', NULL, NULL, NULL, NULL),
(133, 3, 3, 139, 147, 4, 1, NULL, NULL, 1, 2, FALSE, '2022-11-28 21:30:00', NULL, NULL, NULL, NULL),
(134, 3, 3, 142, 145, 2, 1, NULL, NULL, 1, 2, FALSE, '2022-11-28 22:30:00', NULL, NULL, NULL, NULL),
(135, 3, 3, 141, 146, 5, 2, NULL, NULL, 1, 2, FALSE, '2022-11-28 23:30:00', NULL, NULL, NULL, NULL),
(136, 3, 3, 140, 144, 2, 0, NULL, NULL, 1, 2, FALSE, '2022-01-04 15:30:00', NULL, NULL, NULL, NULL),
(137, 3, 3, NULL, 143, NULL, NULL, NULL, NULL, 2, NULL, FALSE, NULL, NULL, NULL, NULL, NULL),
(138, 4, 3, 147, 141, 1, 2, NULL, NULL, 2, 1, FALSE, '2022-12-13 20:30:00', NULL, NULL, NULL, NULL),
(139, 4, 3, 145, 139, 2, 9, NULL, NULL, 2, 1, FALSE, '2022-12-19 21:30:00', NULL, NULL, NULL, NULL),
(140, 4, 3, 142, NULL, NULL, NULL, NULL, NULL, 1, NULL, FALSE, NULL, NULL, NULL, NULL, NULL),
(141, 4, 3, 146, 140, 1, 4, NULL, NULL, 2, 1, FALSE, '2022-12-13 22:30:00', NULL, NULL, NULL, NULL),
(142, 4, 3, 144, 143, 3, 5, NULL, NULL, 2, 1, FALSE, '2022-12-13 23:30:00', NULL, NULL, NULL, NULL),
(143, 5, 3, 140, 147, 3, 0, NULL, NULL, 1, 2, FALSE, '2023-01-10 22:30:00', NULL, NULL, NULL, NULL),
(144, 5, 3, 141, 145, 2, 1, NULL, NULL, 1, 2, FALSE, '2023-01-10 20:30:00', NULL, NULL, NULL, NULL),
(145, 5, 3, 139, 142, 6, 1, NULL, NULL, 1, 2, FALSE, '2023-01-10 21:30:00', NULL, NULL, NULL, NULL),
(146, 5, 3, 143, 146, 0, 3, NULL, NULL, 2, 1, FALSE, '2023-01-10 23:30:00', NULL, NULL, NULL, NULL),
(147, 5, 3, NULL, 144, NULL, NULL, NULL, NULL, 2, NULL, FALSE, NULL, NULL, NULL, NULL, NULL),
(148, 6, 3, 147, 143, 2, 4, NULL, NULL, 2, 1, FALSE, '2023-03-05 20:30:00', NULL, NULL, NULL, NULL),
(149, 6, 3, 145, 140, 3, 5, NULL, NULL, 2, 1, FALSE, '2023-03-05 21:30:00', NULL, NULL, NULL, NULL),
(150, 6, 3, 142, 141, 2, 4, NULL, NULL, 2, 1, FALSE, '2023-03-05 22:30:00', NULL, NULL, NULL, NULL),
(151, 6, 3, 139, NULL, NULL, NULL, NULL, NULL, 1, NULL, FALSE, NULL, NULL, NULL, NULL, NULL),
(152, 6, 3, 146, 144, 0, 7, NULL, NULL, 2, 1, FALSE, '2023-03-05 23:30:00', NULL, NULL, NULL, NULL),
(153, 7, 3, 144, 147, 5, 2, NULL, NULL, 1, 2, FALSE, '2023-03-22 16:30:00', NULL, NULL, NULL, NULL),
(154, 7, 3, 143, 145, 3, 3, NULL, NULL, 0, NULL, FALSE, '2023-03-22 17:30:00', NULL, NULL, NULL, NULL),
(155, 7, 3, 140, 142, 7, 5, NULL, NULL, 1, 2, FALSE, '2023-03-21 22:30:00', NULL, NULL, NULL, NULL),
(156, 7, 3, 141, 139, 1, 2, NULL, NULL, 2, 1, FALSE, '2023-03-21 23:30:00', NULL, NULL, NULL, NULL),
(157, 7, 3, NULL, 146, NULL, NULL, NULL, NULL, 2, NULL, FALSE, NULL, NULL, NULL, NULL, NULL),
(158, 8, 3, 147, 146, 2, 2, NULL, NULL, 0, NULL, FALSE, '2023-04-12 18:30:00', NULL, NULL, NULL, NULL),
(159, 8, 3, 145, 144, 2, 2, NULL, NULL, 0, NULL, FALSE, '2023-04-12 19:30:00', NULL, NULL, NULL, NULL),
(160, 8, 3, 142, 143, 1, 9, NULL, NULL, 2, 1, FALSE, '2023-04-12 20:30:00', NULL, NULL, NULL, NULL),
(161, 8, 3, 139, 140, 8, 1, NULL, NULL, 1, 2, FALSE, '2023-04-12 21:30:00', NULL, NULL, NULL, NULL),
(162, 8, 3, 141, NULL, NULL, NULL, NULL, NULL, 1, NULL, FALSE, NULL, NULL, NULL, NULL, NULL),
(163, 9, 3, NULL, 147, NULL, NULL, NULL, NULL, 2, NULL, FALSE, NULL, NULL, NULL, NULL, NULL),
(164, 9, 3, 146, 145, 0, 4, NULL, NULL, 2, 1, FALSE, '2023-05-04 20:30:00', NULL, NULL, NULL, NULL),
(165, 9, 3, 144, 142, 1, 2, NULL, NULL, 2, 1, FALSE, '2023-05-04 21:30:00', NULL, NULL, NULL, NULL),
(166, 9, 3, 143, 139, 1, 5, NULL, NULL, 2, 1, FALSE, '2023-05-04 22:30:00', NULL, NULL, NULL, NULL),
(167, 9, 3, 140, 141, 0, 11, NULL, NULL, 2, 1, FALSE, '2023-05-04 23:30:00', NULL, NULL, NULL, NULL),
(168, 1, 4, 150, 151, 4, 2, NULL, NULL, 1, 2, FALSE, '2022-10-19 23:30:00', NULL, NULL, NULL, NULL),
(169, 1, 4, 156, 153, 2, 17, NULL, NULL, 2, 1, FALSE, '2022-10-25 21:30:00', NULL, NULL, NULL, NULL),
(170, 1, 4, 149, 152, 3, 0, NULL, NULL, 1, 2, FALSE, '2022-10-25 22:30:00', NULL, NULL, NULL, NULL),
(171, 1, 4, 155, 148, 1, 4, NULL, NULL, 2, 1, FALSE, '2022-10-19 16:30:00', NULL, NULL, NULL, NULL),
(172, 1, 4, 154, NULL, NULL, NULL, NULL, NULL, 1, NULL, FALSE, NULL, NULL, NULL, NULL, NULL),
(173, 2, 4, 151, 156, 2, 1, NULL, NULL, 1, 2, FALSE, '2022-11-02 20:30:00', NULL, NULL, NULL, NULL),
(174, 2, 4, NULL, 150, NULL, NULL, NULL, NULL, 2, NULL, FALSE, NULL, NULL, NULL, NULL, NULL),
(175, 2, 4, 153, 149, 3, 4, NULL, NULL, 2, 1, FALSE, '2022-11-02 21:30:00', NULL, NULL, NULL, NULL),
(176, 2, 4, 152, 155, 7, 1, NULL, NULL, 1, 2, FALSE, '2022-11-02 22:30:00', NULL, NULL, NULL, NULL),
(177, 2, 4, 148, 154, 4, 3, NULL, NULL, 1, 2, FALSE, '2022-11-02 23:30:00', NULL, NULL, NULL, NULL),
(178, 3, 4, 149, 151, 3, 1, NULL, NULL, 1, 2, FALSE, '2022-11-16 16:30:00', NULL, NULL, NULL, NULL),
(179, 3, 4, 156, 150, 1, 5, NULL, NULL, 2, 1, FALSE, '2022-11-16 17:30:00', NULL, NULL, NULL, NULL),
(180, 3, 4, 155, 153, 4, 4, NULL, NULL, 0, NULL, FALSE, '2022-11-16 18:30:00', NULL, NULL, NULL, NULL),
(181, 3, 4, 154, 152, 2, 7, NULL, NULL, 2, 1, FALSE, '2022-11-16 19:30:00', NULL, NULL, NULL, NULL),
(182, 3, 4, NULL, 148, NULL, NULL, NULL, NULL, 2, NULL, FALSE, NULL, NULL, NULL, NULL, NULL),
(183, 4, 4, 151, 155, 3, 0, NULL, NULL, 1, 2, FALSE, '2022-12-04 20:00:00', NULL, NULL, NULL, NULL),
(184, 4, 4, 150, 149, 2, 2, NULL, NULL, 0, NULL, FALSE, '2022-12-04 21:00:00', NULL, NULL, NULL, NULL),
(185, 4, 4, 156, NULL, NULL, NULL, NULL, NULL, 1, NULL, FALSE, NULL, NULL, NULL, NULL, NULL),
(186, 4, 4, 153, 154, 3, 0, NULL, NULL, 1, 2, FALSE, '2022-12-04 22:00:00', NULL, NULL, NULL, NULL),
(187, 4, 4, 152, 148, 4, 2, NULL, NULL, 1, 2, FALSE, '2022-12-04 23:00:00', NULL, NULL, NULL, NULL),
(188, 5, 4, 154, 151, 3, 4, NULL, NULL, 2, 1, FALSE, '2023-01-09 20:00:00', NULL, NULL, NULL, NULL),
(189, 5, 4, 155, 150, 1, 5, NULL, NULL, 2, 1, FALSE, '2023-01-09 21:00:00', NULL, NULL, NULL, NULL),
(190, 5, 4, 149, 156, 15, 0, NULL, NULL, 1, 2, FALSE, '2023-01-09 22:00:00', NULL, NULL, NULL, NULL),
(191, 5, 4, 148, 153, 4, 3, NULL, NULL, 1, 2, FALSE, '2023-01-09 23:00:00', NULL, NULL, NULL, NULL),
(192, 5, 4, NULL, 152, NULL, NULL, NULL, NULL, 2, NULL, FALSE, NULL, NULL, NULL, NULL, NULL),
(193, 6, 4, 151, 148, 1, 3, NULL, NULL, 2, 1, FALSE, '2023-03-06 20:00:00', NULL, NULL, NULL, NULL),
(194, 6, 4, 150, 154, 2, 3, NULL, NULL, 2, 1, FALSE, '2023-03-06 21:00:00', NULL, NULL, NULL, NULL),
(195, 6, 4, 156, 155, 1, 5, NULL, NULL, 2, 1, FALSE, '2023-03-06 22:00:00', NULL, NULL, NULL, NULL),
(196, 6, 4, 149, NULL, NULL, NULL, NULL, NULL, 1, NULL, FALSE, NULL, NULL, NULL, NULL, NULL),
(197, 6, 4, 153, 152, 0, 8, NULL, NULL, 2, 1, FALSE, '2023-03-06 23:00:00', NULL, NULL, NULL, NULL),
(198, 7, 4, 152, 151, 1, 2, NULL, NULL, 2, 1, FALSE, '2023-03-19 20:00:00', NULL, NULL, NULL, NULL),
(199, 7, 4, 148, 150, 4, 2, NULL, NULL, 1, 2, FALSE, '2023-03-20 21:00:00', NULL, NULL, NULL, NULL),
(200, 7, 4, 154, 156, 3, 3, NULL, NULL, 0, NULL, FALSE, '2023-03-19 22:00:00', NULL, NULL, NULL, NULL),
(201, 7, 4, 155, 149, 3, 4, NULL, NULL, 2, 1, FALSE, '2023-03-19 23:00:00', NULL, NULL, NULL, NULL),
(202, 7, 4, NULL, 153, NULL, NULL, NULL, NULL, 2, NULL, FALSE, NULL, NULL, NULL, NULL, NULL),
(203, 8, 4, 151, 153, 5, 2, NULL, NULL, 1, 2, FALSE, '2023-04-10 18:30:00', NULL, NULL, NULL, NULL),
(204, 8, 4, 150, 152, 10, 4, NULL, NULL, 1, 2, FALSE, '2023-04-10 21:30:00', NULL, NULL, NULL, NULL),
(205, 8, 4, 156, 148, 0, 6, NULL, NULL, 2, 1, FALSE, '2023-04-10 22:30:00', NULL, NULL, NULL, NULL),
(206, 8, 4, 149, 154, 6, 3, NULL, NULL, 1, 2, FALSE, '2023-04-10 23:30:00', NULL, NULL, NULL, NULL),
(207, 8, 4, 155, NULL, NULL, NULL, NULL, NULL, 1, NULL, FALSE, NULL, NULL, NULL, NULL, NULL),
(208, 9, 4, NULL, 151, NULL, NULL, NULL, NULL, 2, NULL, FALSE, NULL, NULL, NULL, NULL, NULL),
(209, 9, 4, 153, 150, 1, 3, NULL, NULL, 2, 1, FALSE, '2023-04-10 20:15:00', NULL, NULL, NULL, NULL),
(210, 9, 4, 152, 156, 3, 0, NULL, NULL, 1, 2, FALSE, '2023-05-02 21:15:00', NULL, NULL, NULL, NULL),
(211, 9, 4, 148, 149, 5, 2, NULL, NULL, 1, 2, FALSE, '2023-04-10 22:15:00', NULL, NULL, NULL, NULL),
(212, 9, 4, 154, 154, 11, 5, NULL, NULL, 1, 2, FALSE, '2023-04-10 23:15:00', NULL, NULL, NULL, NULL);
